symptoms,diseases
Frontal headache,Not Found
rebound headache with intractable headache,Not Found
Muscular headache,Not Found
Frequent headache,Not Found
Throbbing Headache,Not Found
Occipital headache,Not Found
Primary Stabbing Headache,Not Found
Post-Lumbar Puncture Headache,Not Found
Intermittent headache,Not Found
Headache Disorders,Not Found
Temporal headache,Not Found
Chronic Headache,Not Found
Primary Thunderclap Headache,Not Found
rebound headache without intractable headache,Not Found
Cluster Headache,Not Found
Headache recurrent,Not Found
Hypnic Headache,Not Found
Tension Headache,Not Found
Cervicogenic Headache,Not Found
Sinus headache,Not Found
Ocular Headache,Not Found
Post-Traumatic Headache,Not Found
Headache fullness,Not Found
Primary Cough Headache,Not Found
Headache,Not Found
